	dhap	g3p
0	0.0030068473382984695	0.00032158806336337833
