	dhap	g3p
0	0.003006003757918681	0.00032181176340784223
