	dhap	g3p
0	0.0030584888452020527	0.0002705874723288062
